{"City: Large":{"cases":156145,"num_students":3860343.0,"cases_per_capita":0.0404484783},"City: Midsize":{"cases":137072,"num_students":1903655.0,"cases_per_capita":0.0720046437},"City: Small":{"cases":147015,"num_students":2399801.0,"cases_per_capita":0.0612613296},"Rural: Distant":{"cases":812,"num_students":28166.0,"cases_per_capita":0.0288290847},"Rural: Fringe":{"cases":5260,"num_students":299205.0,"cases_per_capita":0.0175799201},"Rural: Remote":{"cases":1087,"num_students":33811.0,"cases_per_capita":0.0321493005},"Suburb: Large":{"cases":88968,"num_students":2347674.0,"cases_per_capita":0.0378962326},"Suburb: Midsize":{"cases":16264,"num_students":488168.0,"cases_per_capita":0.0333163993},"Suburb: Small":{"cases":16499,"num_students":289583.0,"cases_per_capita":0.0569750296},"Town: Distant":{"cases":56208,"num_students":964740.0,"cases_per_capita":0.0582623297},"Town: Fringe":{"cases":13697,"num_students":233511.0,"cases_per_capita":0.0586567656},"Town: Remote":{"cases":34739,"num_students":662406.0,"cases_per_capita":0.0524436675}}