{"Alabama": {"City: Midsize": 0.10606658160306229, "City: Small": 0.09144437048794224, "Rural: Fringe": 0.008837024868294342, "Rural: Remote": 0.034203980099502485, "Suburb: Large": 0.10554803788903924, "Suburb: Small": 0.02621637092157985, "Town: Distant": 0.01589561091340451, "Town: Fringe": 0.011401064099315936, "Town: Remote": 0.05068769267251601}, "Alaska": {"City: Large": 0.008096461062986985, "Suburb: Small": 0.01997021984759569, "Town: Remote": 0.004417448923246825}, "Arizona": {"City: Large": 0.05546848861575305, "City: Midsize": 0.1481919530411547, "City: Small": 0.07244626901714561, "Rural: Fringe": 0.0103741694836228, "Rural: Remote": 0.007866273352999017}, "Arkansas": {"City: Midsize": 0.02614619775363653, "City: Small": 0.07816433227909378, "Rural: Distant": 0.028994576554025864, "Rural: Fringe": 0.02905486241668091, "Suburb: Small": 0.03499562554680665, "Town: Distant": 0.13128212450028556, "Town: Remote": 0.05938871862834424}, "California": {"City: Large": 0.02055780941114825, "City: Midsize": 0.017496610435247785, "City: Small": 0.0070668087616012586, "Rural: Fringe": 0.011603740907516454, "Suburb: Large": 0.004924708174312952, "Suburb: Midsize": 0.005763558658881599, "Suburb: Small": 0.0422693940563489, "Town: Remote": 0.014946451688831353}, "Colorado": {"City: Large": 0.029246181231113135, "City: Midsize": 0.07401009594730058, "City: Small": 0.11670265702750915, "Suburb: Large": 0.018920992073638454, "Town: Distant": 0.08975054229934924, "Town: Fringe": 0.0004677268475210477, "Town: Remote": 0.031559072109332856}, "Connecticut": {"City: Midsize": 0.0765029187860581, "City: Small": 0.047674837779379954, "Suburb: Large": 0.09403549129148867, "Suburb: Midsize": 0.0, "Town: Fringe": 0.05334294467471617}, "Delaware": {"City: Small": 0.02007150983260198, "Suburb: Large": 0.07157130998862483}, "Florida": {"City: Large": 0.014468068940190206, "City: Midsize": 0.07931104908434883, "City: Small": 0.035325161321275216, "Rural: Fringe": 0.017182639608946823, "Suburb: Large": 0.02196571314218373, "Suburb: Midsize": 0.002965302114221897, "Suburb: Small": 0.025052405542205634, "Town: Distant": 0.005537555228276878}, "Georgia": {"City: Large": 0.07933081489476525, "City: Midsize": 0.13764731355748708, "City: Small": 0.030842439196334157, "Rural: Fringe": 0.02730985196528841, "Suburb: Large": 0.036463928932219426, "Suburb: Small": 0.1709819247679531, "Town: Distant": 0.04919119442732379, "Town: Fringe": 0.032886564236678656, "Town: Remote": 0.03176834411020523}, "Guam": {"Town: Remote": 0.002954937207584339}, "Hawaii": {"City: Large": 0.0025077583774803297, "City: Small": 0.0004658746797111577, "Suburb: Large": 0.0004247486903582047, "Town: Fringe": 0.013530135301353014, "Town: Remote": 0.002844141069397042}, "Idaho": {"City: Midsize": 0.06778401585204756, "City: Small": 0.0635522049919925, "Suburb: Midsize": 0.04295500833179041, "Town: Distant": 0.04068726090706057, "Town: Remote": 0.022241501695717328}, "Illinois": {"City: Large": 0.04983486158793621, "City: Midsize": 0.11196946287376171, "City: Small": 0.12440353576177936, "Rural: Distant": 0.01763803680981595, "Rural: Fringe": 0.02159893540792302, "Suburb: Large": 0.03931553188426659, "Suburb: Midsize": 0.12325852373473833, "Suburb: Small": 0.061103314261038544, "Town: Distant": 0.03657257512882484, "Town: Remote": 0.041865333178276544}, "Indiana": {"City: Large": 0.027654065251165198, "City: Midsize": 0.06817379018014835, "City: Small": 0.16057814485387548, "Rural: Fringe": 0.042735042735042736, "Suburb: Large": 0.13162873009092574, "Suburb: Midsize": 0.07201324381495447, "Town: Distant": 0.11587789017341041, "Town: Remote": 0.001198598561681726}, "Iowa": {"City: Midsize": 0.05793547766719554, "City: Small": 0.09883496355367268, "Rural: Fringe": 0.016413623307345096, "Rural: Remote": 0.03836577636939792, "Town: Distant": 0.04389312977099236, "Town: Fringe": 0.10344827586206896, "Town: Remote": 0.030233739837398375}, "Kansas": {"City: Large": 0.02296340023612751, "City: Midsize": 0.015569295900178253, "City: Small": 0.08605898123324397, "Town: Distant": 0.035828495141109626, "Town: Fringe": 0.04991166077738516, "Town: Remote": 0.02877938034188034}, "Kentucky": {"City: Large": 0.08779321198002503, "City: Small": 0.036823391929187696, "Rural: Fringe": 0.008572256009267304, "Suburb: Large": 0.025615540998418795, "Town: Distant": 0.038342120679554774, "Town: Fringe": 0.05234460196292257, "Town: Remote": 0.036292533167647384}, "Louisiana": {"City: Large": 0.05973834142224098, "City: Midsize": 0.04926815513573095, "City: Small": 0.030273023058424105, "Rural: Fringe": 0.014367318677514281, "Suburb: Large": 0.007527181488709228, "Town: Distant": 0.05527686667952923, "Town: Remote": 0.04734945959855893}, "Maine": {"City: Small": 0.029105867742936976, "Rural: Fringe": 0.016605488550952632, "Rural: Remote": 0.00273224043715847, "Suburb: Midsize": 0.029738596676897027, "Suburb: Small": 0.059912323429128105, "Town: Distant": 0.002559414990859232, "Town: Fringe": 0.018301982714794104, "Town: Remote": 0.05183001719479243}, "Maryland": {"City: Large": 0.0760273161488967, "City: Small": 0.0365316155280556, "Rural: Fringe": 0.1053763440860215, "Suburb: Large": 0.04532092553517647, "Suburb: Small": 0.08201228429365312, "Town: Distant": 0.023793787177792465, "Town: Fringe": 0.03235928613453618}, "Massachusetts": {"City: Large": 0.06577068872150839, "City: Midsize": 0.07244216801712919, "City: Small": 0.07867658698749407, "Suburb: Large": 0.057217766810610735, "Suburb: Midsize": 0.03980099502487562, "Town: Fringe": 0.025885900980145767}, "Michigan": {"City: Large": 0.0401816021724372, "City: Midsize": 0.12243009868421052, "City: Small": 0.0545010964116118, "Rural: Distant": 0.02711426726920594, "Rural: Fringe": 0.00959915611814346, "Suburb: Large": 0.0543551992171428, "Suburb: Midsize": 0.06807674526121128, "Suburb: Small": 0.09665924276169265, "Town: Distant": 0.07150231049061057, "Town: Fringe": 0.0976896032144651, "Town: Remote": 0.04917404632152589}, "Minnesota": {"City: Large": 0.048624098316858134, "City: Midsize": 0.028057248122431627, "City: Small": 0.03589736484801463, "Rural: Fringe": 0.027481772293886708, "Suburb: Large": 0.028632247483119013, "Suburb: Midsize": 0.15467196819085488, "Suburb: Small": 0.024316763503335486, "Town: Distant": 0.05433727925480303, "Town: Fringe": 0.06910834968388925, "Town: Remote": 0.03317385492155069}, "Mississippi": {"City: Midsize": 0.03663565742783159, "City: Small": 0.05029084750754731, "Rural: Remote": 0.06157112526539278, "Suburb: Large": 0.06882480957562569, "Town: Remote": 0.0587278546319453}, "Missouri": {"City: Large": 0.043010752688172046, "City: Midsize": 0.09534451188742629, "City: Small": 0.05232574619462003, "Suburb: Large": 0.02774614969736921, "Town: Distant": 0.06060480530240265, "Town: Remote": 0.08616443176042847}, "Montana": {"City: Midsize": 0.029885057471264367, "City: Small": 0.05313122033379268, "Rural: Fringe": 0.010743567995476393, "Town: Remote": 0.11228784165009481}, "Nebraska": {"City: Large": 0.10151945232927033, "Rural: Distant": 0.07399186089530152, "Town: Distant": 0.10624394966118103, "Town: Remote": 0.09080590238365494}, "Nevada": {"City: Large": 0.02380230796130085, "City: Midsize": 0.025434221231737945, "City: Small": 0.011429803752426138, "Rural: Fringe": 0.008311688311688312, "Town: Remote": 0.009329572575395965}, "New Hampshire": {"City: Small": 0.008146639511201629, "Rural: Distant": 0.019110926464478605, "Rural: Fringe": 0.010524405733986572, "Suburb: Midsize": 0.002369974179269642, "Suburb: Small": 0.1342125226118924, "Town: Distant": 0.08772359715755942, "Town: Fringe": 0.0033317467872441696, "Town: Remote": 0.12055023701087461}, "New Jersey": {"City: Large": 0.023340026994107383, "City: Small": 0.037750585784951836, "Suburb: Large": 0.04544631852930783, "Suburb: Midsize": 0.07071223905034793}, "New Mexico": {"City: Large": 0.022662128269437476, "City: Small": 0.009627664800078593, "Rural: Remote": 0.013871374527112233,